<?xml version="1.0" encoding="UTF-8"?>
<project-private xmlns="http://www.netbeans.org/ns/project-private/1">
    <editor-bookmarks xmlns="http://www.netbeans.org/ns/editor-bookmarks/1"/>
    <editor-bookmarks xmlns="http://www.netbeans.org/ns/editor-bookmarks/2" lastBookmarkId="0"/>
    <open-files xmlns="http://www.netbeans.org/ns/projectui-open-files/1">
        <file>file:/G:/My%20Project/Quiz/src/LogIn.java</file>
        <file>file:/G:/My%20Project/Quiz/src/Menu.java</file>
        <file>file:/G:/My%20Project/Quiz/src/Register.java</file>
        <file>file:/G:/My%20Project/Quiz/src/Result.java</file>
        <file>file:/G:/My%20Project/Quiz/src/Test.java</file>
    </open-files>
</project-private>
